key_id,hashing_key,length,n_texts,exceed,fpr,green_tokens,eligible_positions,p_k,mean_z,sd_z
kgw-000,15485863,128,800,20,0.025,25174,98371,0.2559087535960801,0.15114894692886008,1.1158964865973506
kgw-000,15485863,256,313,11,0.03514376996805112,19334,76834,0.25163339146731917,0.05837090890943914,1.2247954737294022
kgw-000,15485863,512,93,5,0.053763440860215055,11392,45496,0.25039563917707053,0.018343776415667732,1.361234414707857
kgw-001,723417547,128,800,5,0.00625,23270,98371,0.2365534557948989,-0.3462494610160064,1.050001792644323
kgw-001,723417547,256,313,0,0.0,17980,76834,0.23401098472030613,-0.581415849491424,1.0294119634589751
kgw-001,723417547,512,93,0,0.0,10571,45496,0.23235009671179885,-0.9044244318347997,1.179578452398673
kgw-002,97919819,128,800,8,0.01,23341,98371,0.23727521322340933,-0.3256460702796866,1.0956238554862507
kgw-002,97919819,256,313,2,0.006389776357827476,18242,76834,0.2374209334409246,-0.45301906631952554,1.1401938402750762
kgw-002,97919819,512,93,0,0.0,10662,45496,0.2343502725514331,-0.799456904421576,0.9559678388228002
kgw-003,61299587,128,800,4,0.005,21403,98371,0.21757428510434987,-0.8301661390422023,1.0629044679937905
kgw-003,61299587,256,313,2,0.006389776357827476,16528,76834,0.21511310097092434,-1.2624422266285444,1.091810079282603
kgw-003,61299587,512,93,0,0.0,9703,45496,0.2132714963952875,-1.8796632187244933,1.0253971907189159
kgw-004,214893571,128,800,1,0.00125,21669,98371,0.22027833406186784,-0.7607862841284345,1.018752953356468
kgw-004,214893571,256,313,0,0.0,16824,76834,0.21896556212093604,-1.1226428974098177,1.0533676744479605
kgw-004,214893571,512,93,0,0.0,9835,45496,0.21617285036047126,-1.7330022086059387,1.1891638089263539
kgw-005,244504453,128,800,33,0.04125,25550,98371,0.25973101828791006,0.24749209368039302,1.1800663811173404
kgw-005,244504453,256,313,21,0.0670926517571885,20038,76834,0.2607960017700497,0.38715997931562435,1.2326128657204192
kgw-005,244504453,512,93,5,0.053763440860215055,11828,45496,0.25997889924388956,0.5108555414587685,1.22669225078975
kgw-006,1615402669,128,800,11,0.01375,24155,98371,0.2455500096573177,-0.11526633034130386,1.0302674170206343
kgw-006,1615402669,256,313,0,0.0,18698,76834,0.24335580602337506,-0.2447328502999588,1.1061791605745195
kgw-006,1615402669,512,93,1,0.010752688172043012,11094,45496,0.24384561280112538,-0.31884175459754105,1.3128453048091024
kgw-007,100227623,128,800,63,0.07875,27559,98371,0.28015370383548,0.7701862643770725,1.1323901350902668
kgw-007,100227623,256,313,42,0.134185303514377,21592,76834,0.2810214228076112,1.118197210336091,1.1328892370165133
kgw-007,100227623,512,93,30,0.3225806451612903,12871,45496,0.28290399155969753,1.673470706263698,1.3604796778937034
kgw-008,994556701,128,800,43,0.05375,26394,98371,0.26831078264935804,0.46932154571878015,1.1446634691542403
kgw-008,994556701,256,313,21,0.0670926517571885,20535,76834,0.2672644922820626,0.6271833556827052,1.1109408398588891
kgw-008,994556701,512,93,11,0.11827956989247312,12245,45496,0.2691445401793564,0.9833805331651948,1.301525256201732
kgw-009,184782517,128,800,23,0.02875,25402,98371,0.25822650984538126,0.2118160078204123,1.10189322188181
kgw-009,184782517,256,313,17,0.054313099041533544,19765,76834,0.25724288726345107,0.2636590447786894,1.170879830813727
kgw-009,184782517,512,93,4,0.043010752688172046,11672,45496,0.25655002637594515,0.33484623952262077,1.2679787652850822
kgw-010,1402624607,128,800,3,0.00375,22179,98371,0.22546278883004137,-0.6279588653692947,0.9836286641166176
kgw-010,1402624607,256,313,0,0.0,17399,76834,0.22644922820626284,-0.8504754409996595,1.0368516766797762
kgw-010,1402624607,512,93,0,0.0,10335,45496,0.2271628275013188,-1.1655270633499009,1.1215077437192065
kgw-011,1200835523,128,800,15,0.01875,24168,98371,0.2456821624259182,-0.11049514692005509,1.0685994880336935
kgw-011,1200835523,256,313,7,0.022364217252396165,18985,76834,0.2470911315303121,-0.10533620355488474,1.1111536825476598
kgw-011,1200835523,512,93,5,0.053763440860215055,11372,45496,0.2499560400914366,0.0010553463141832248,1.3865409855403832
kgw-012,293440307,128,800,23,0.02875,24853,98371,0.2526455967714062,0.06833641296800497,1.1207154436635496
kgw-012,293440307,256,313,10,0.03194888178913738,19533,76834,0.25422339068641486,0.15371575698225007,1.1237641212708216
kgw-012,293440307,512,93,2,0.021505376344086023,11318,45496,0.24876912256022507,-0.0648447933551128,1.1865139396972477
kgw-013,1365399379,128,800,4,0.005,22800,98371,0.23177562493011153,-0.46583234853257693,1.091875536318817
kgw-013,1365399379,256,313,2,0.006389776357827476,17807,76834,0.2317593773589817,-0.6599570216473557,1.1305460380248356
kgw-013,1365399379,512,93,0,0.0,10271,45496,0.22575611042729032,-1.2409913042986584,1.293956261180199
kgw-014,1129106999,128,800,40,0.05,26310,98371,0.2674568724522471,0.44692228621029917,1.1312568856401433
kgw-014,1129106999,256,313,23,0.07348242811501597,20538,76834,0.26730353749642083,0.6245966703132213,1.153470403002094
kgw-014,1129106999,512,93,11,0.11827956989247312,12346,45496,0.27136451556180763,1.092300058250318,1.213440974061616
kgw-015,1221520189,128,800,9,0.01125,23870,98371,0.2426528143456913,-0.18925891839293946,1.0611749977332223
kgw-015,1221520189,256,313,1,0.003194888178913738,18754,76834,0.24408465002472862,-0.21692286309513462,1.1393842094934923
kgw-015,1221520189,512,93,0,0.0,11245,45496,0.24716458589766133,-0.1479536967768958,1.2740838313179443
kgw-016,1475713847,128,800,28,0.035,25488,98371,0.2591007512376615,0.2331668868490988,1.0830013373524603
kgw-016,1475713847,256,313,9,0.02875399361022364,19737,76834,0.2568784652627743,0.246680610943209,1.0666140280970153
kgw-016,1475713847,512,93,5,0.053763440860215055,11783,45496,0.2589898013012133,0.4585679927084208,1.0639737821205293
kgw-017,1588911209,128,800,8,0.01,23458,98371,0.23846458814081387,-0.29492023127099515,1.1028812869083098
kgw-017,1588911209,256,313,7,0.022364217252396165,18298,76834,0.23814977744227817,-0.42914137836132765,1.138185891645771
kgw-017,1588911209,512,93,0,0.0,10790,45496,0.23716370669949008,-0.6586482896655319,1.1483026669622194
kgw-018,1410462491,128,800,85,0.10625,28251,98371,0.28718829736406054,0.9512380529181028,1.133808580114715
kgw-018,1410462491,256,313,51,0.16293929712460065,21716,76834,0.28263529166775125,1.1797865089877693,1.147789698274575
kgw-018,1410462491,512,93,32,0.34408602150537637,12860,45496,0.2826622120625989,1.6697349403159765,1.4043358037466322
kgw-019,373282621,128,800,14,0.0175,24176,98371,0.24576348720659544,-0.11020763095855868,1.1081316460761563
kgw-019,373282621,256,313,3,0.009584664536741214,18729,76834,0.24375927323841007,-0.2278655739554438,1.0570142807199814
kgw-019,373282621,512,93,1,0.010752688172043012,11042,45496,0.24270265517847722,-0.3745022749144618,1.214275165800445
kgw-020,1792642067,128,800,20,0.025,24765,98371,0.2517510241839567,0.04487702195728407,1.0426050320202143
kgw-020,1792642067,256,313,11,0.03514376996805112,19301,76834,0.25120389410937866,0.044220636830192665,1.146214211683595
kgw-020,1792642067,512,93,3,0.03225806451612903,11458,45496,0.2518463161596624,0.0978669364171168,1.106897709756916
kgw-021,553680571,128,800,74,0.0925,27333,98371,0.27785627878134816,0.714219452468582,1.1663928017888305
kgw-021,553680571,256,313,40,0.12779552715654952,21413,76834,0.27869172501757034,1.0396779050165257,1.2044880271935485
kgw-021,553680571,512,93,20,0.21505376344086022,12642,45496,0.2778705820291894,1.421512581341423,1.324306896474479
kgw-022,1512432029,128,800,9,0.01125,22898,98371,0.23277185349340762,-0.44201859170008995,1.069562239658972
kgw-022,1512432029,256,313,3,0.009584664536741214,17796,76834,0.23161621157300152,-0.6676572807403497,1.0962100659647536
kgw-022,1512432029,512,93,1,0.010752688172043012,10442,45496,0.22951468260946017,-1.0523534059705695,1.2114239735984076
kgw-023,366247627,128,800,11,0.01375,24282,98371,0.24684104055056877,-0.08085713404696757,1.0345903756069588
kgw-023,366247627,256,313,4,0.012779552715654952,18723,76834,0.24368118280969361,-0.22698652442601644,1.13141131109108
kgw-023,366247627,512,93,1,0.010752688172043012,10914,45496,0.23988922103042026,-0.5136728719221969,1.1939793001749421
kgw-024,105110249,128,800,16,0.02,24317,98371,0.24719683646603166,-0.07240760149521092,1.0592610920468732
kgw-024,105110249,256,313,4,0.012779552715654952,19135,76834,0.24904339224822344,-0.036829495074531184,1.1235438783426621
kgw-024,105110249,512,93,2,0.021505376344086023,11327,45496,0.24896694214876033,-0.0572333050445969,1.3323844523366744
kgw-025,1784745587,128,800,2,0.0025,22049,98371,0.22414126114403635,-0.6614921227418931,0.9674618564645434
kgw-025,1784745587,256,313,1,0.003194888178913738,17331,76834,0.22556420334747637,-0.8812489997417854,1.0826763750515815
kgw-025,1784745587,512,93,1,0.010752688172043012,10143,45496,0.22294267627923334,-1.376269079069101,1.2251818722566028
kgw-026,217344859,128,800,5,0.00625,23076,98371,0.23458132986347602,-0.3945232169899206,1.0499286307270679
kgw-026,217344859,256,313,4,0.012779552715654952,18235,76834,0.23732982794075538,-0.4567540139292853,1.125805767585036
kgw-026,217344859,512,93,1,0.010752688172043012,10845,45496,0.2383726041849833,-0.5919910484494703,1.1452650310771966
kgw-027,958844351,128,800,16,0.02,24798,98371,0.2520864889042502,0.05340336307938995,1.075145685244723
kgw-027,958844351,256,313,6,0.019169329073482427,19563,76834,0.25461384282999716,0.1662580631943531,1.1290500830016112
kgw-027,958844351,512,93,5,0.053763440860215055,11608,45496,0.25514330930191664,0.2558800148498336,1.2404433131438453
kgw-028,874410811,128,800,4,0.005,23611,98371,0.24001992457126592,-0.2570057717502021,1.0462032659978133
kgw-028,874410811,256,313,3,0.009584664536741214,18318,76834,0.238410078871333,-0.4209057067846709,1.1058617984313648
kgw-028,874410811,512,93,1,0.010752688172043012,10940,45496,0.24046069984174434,-0.4908432897064155,1.0752251871457563
kgw-029,111708689,128,800,36,0.045,26280,98371,0.2671519045247075,0.4373948335544099,1.083832426756651
kgw-029,111708689,256,313,18,0.05750798722044728,20339,76834,0.26471353827732513,0.531707034931131,1.1594331246490523
kgw-029,111708689,512,93,14,0.15053763440860216,12260,45496,0.26947423949358185,0.9885000649955783,1.2409206499355843
kgw-030,181721791,128,800,7,0.00875,23246,98371,0.2363094814528672,-0.3515909683056943,1.0804471903594581
kgw-030,181721791,256,313,1,0.003194888178913738,18041,76834,0.2348049040789234,-0.5512637671499803,1.139937391370027
kgw-030,181721791,512,93,0,0.0,10721,45496,0.2356470898540531,-0.7403419199516065,1.318872103198993
kgw-031,51907903,128,800,31,0.03875,25388,98371,0.2580841914791961,0.21065930650612683,1.1564550369141982
kgw-031,51907903,256,313,23,0.07348242811501597,20046,76834,0.26090012234167165,0.40007276802939795,1.252911827947596
kgw-031,51907903,512,93,11,0.11827956989247312,11881,45496,0.26114383682081943,0.5777527803538136,1.4223899599271954
kgw-032,489346021,128,800,16,0.02,24639,98371,0.2504701588882903,0.013550293696028426,1.0612294562354367
kgw-032,489346021,256,313,14,0.04472843450479233,19442,76834,0.25303901918421534,0.1108458947707357,1.1673504616049997
kgw-032,489346021,512,93,8,0.08602150537634409,11871,45496,0.26092403727800245,0.5609637774806266,1.315884392466524
kgw-033,1394372141,128,800,7,0.00875,22632,98371,0.23006780453588965,-0.5106984751466853,1.06091523608112
kgw-033,1394372141,256,313,0,0.0,17280,76834,0.22490043470338653,-0.9084759696636465,1.1107399600508352
kgw-033,1394372141,512,93,1,0.010752688172043012,10222,45496,0.22467909266748726,-1.292432160620686,1.3111810309855867
kgw-034,799230541,128,800,12,0.015,24684,98371,0.2509276107795997,0.024943366087067206,1.0213695427436722
kgw-034,799230541,256,313,7,0.022364217252396165,19197,76834,0.24985032667829346,-0.00019367902692278636,1.0809895793452242
kgw-034,799230541,512,93,3,0.03225806451612903,11365,45496,0.24980218041146474,-0.009025332844675377,1.190799055995148
kgw-035,1795675907,128,800,40,0.05,26818,98371,0.27262099602525136,0.5799128617432232,1.061843905411868
kgw-035,1795675907,256,313,38,0.12140575079872204,20993,76834,0.2732253950074186,0.8423415331728148,1.1324434421895397
kgw-035,1795675907,512,93,12,0.12903225806451613,12317,45496,0.27072709688763846,1.0641431704859154,1.2156551507932085
kgw-036,911325199,128,800,45,0.05625,26800,98371,0.2724380152687276,0.5746158912075243,1.12309941895476
kgw-036,911325199,256,313,29,0.0926517571884984,20656,76834,0.26883931592784444,0.6823152386822341,1.1540087124413536
kgw-036,911325199,512,93,11,0.11827956989247312,12296,45496,0.2702655178477229,1.0374149072676981,1.2732132986527223
kgw-037,847468529,128,800,4,0.005,23160,98371,0.23543524006058697,-0.373766670706685,1.0673235600191193
kgw-037,847468529,256,313,1,0.003194888178913738,17979,76834,0.23399796964885336,-0.5778897112817686,1.1523872702409503
kgw-037,847468529,512,93,0,0.0,10736,45496,0.23597678916827852,-0.7169376622608645,1.2199880363149747
kgw-038,18990017,128,800,43,0.05375,26063,98371,0.26494596984883756,0.38301847364949915,1.146492357753696
kgw-038,18990017,256,313,18,0.05750798722044728,20138,76834,0.26209750891532396,0.438886926813905,1.2222641210624066
kgw-038,18990017,512,93,10,0.10752688172043011,11843,45496,0.260308598558115,0.5195220392433794,1.3918887924726933
kgw-039,1643632103,128,800,39,0.04875,26105,98371,0.265372924947393,0.3956709391044062,1.1732631054786515
kgw-039,1643632103,256,313,25,0.07987220447284345,20300,76834,0.2642059504906682,0.5163659619337304,1.2772671894155694
kgw-039,1643632103,512,93,16,0.17204301075268819,12086,45496,0.2656497274485669,0.8042174713415626,1.470642990697438
kgw-040,436036633,128,800,6,0.0075,23747,98371,0.24140244584277887,-0.22148633927886024,1.0773305197015608
kgw-040,436036633,256,313,3,0.009584664536741214,18284,76834,0.23796756644193975,-0.43683394655273233,1.0813678068543235
kgw-040,436036633,512,93,0,0.0,10829,45496,0.23802092491647617,-0.6148887698052556,1.242903367805207
kgw-041,439191917,128,800,25,0.03125,25392,98371,0.2581248538695347,0.20811287485355198,1.0898616762379345
kgw-041,439191917,256,313,9,0.02875399361022364,19826,76834,0.25803680662206835,0.28982014147458646,1.0760975821539744
kgw-041,439191917,512,93,6,0.06451612903225806,11757,45496,0.2584183224898892,0.4290542169178037,1.1520610020471533
kgw-042,831583573,128,800,5,0.00625,22814,98371,0.23191794329629667,-0.46213187197056654,1.0261656018009926
kgw-042,831583573,256,313,2,0.006389776357827476,17896,76834,0.23291771871827577,-0.616309216959114,1.0528549729526737
kgw-042,831583573,512,93,2,0.021505376344086023,10650,45496,0.23408651310005274,-0.8020366821592594,1.268183687481303
kgw-043,253840919,128,800,39,0.04875,25899,98371,0.26327881184495433,0.3399830545098702,1.1416734582208528
kgw-043,253840919,256,313,19,0.06070287539936102,20296,76834,0.26415389020485724,0.5116753119543265,1.1702566910046592
kgw-043,253840919,512,93,14,0.15053763440860216,12147,45496,0.2669905046597503,0.8665282678458015,1.2915393627239764
kgw-044,763628513,128,800,30,0.0375,25138,98371,0.2555427920830326,0.14240555227879045,1.103617540662525
kgw-044,763628513,256,313,19,0.06070287539936102,19679,76834,0.25612359111851524,0.2196707657907277,1.233974285323607
kgw-044,763628513,512,93,6,0.06451612903225806,11657,45496,0.2562203270617197,0.3110385082784758,1.249952862051472
kgw-045,518933819,128,800,10,0.0125,23959,98371,0.24355755253072553,-0.16530472397639187,1.039665358746491
kgw-045,518933819,256,313,3,0.009584664536741214,18819,76834,0.24493062966915688,-0.1814288502221011,1.0621710802052382
kgw-045,518933819,512,93,2,0.021505376344086023,11060,45496,0.24309829435554775,-0.3544106788654625,1.1358587768169217
kgw-046,1049431477,128,800,1,0.00125,21895,98371,0.22257575911599964,-0.7024496218624664,1.0304160167864147
kgw-046,1049431477,256,313,2,0.006389776357827476,17066,76834,0.22211520941249968,-1.0092371728640301,1.101262781266514
kgw-046,1049431477,512,93,0,0.0,10083,45496,0.22162387902233163,-1.4525985825525118,0.9630985549051695
kgw-047,757715731,128,800,9,0.01125,24168,98371,0.2456821624259182,-0.11106115416685386,1.0603491276117263
kgw-047,757715731,256,313,7,0.022364217252396165,18833,76834,0.24511284066949526,-0.17867133725803672,1.1658213199059466
kgw-047,757715731,512,93,2,0.021505376344086023,11004,45496,0.24186741691577282,-0.416581790864049,1.2571125079677037
kgw-048,1001633513,128,800,3,0.00375,22191,98371,0.22558477600105722,-0.624582477342173,1.021238229772665
kgw-048,1001633513,256,313,0,0.0,17350,76834,0.22581148970507847,-0.8738923624623632,1.0806419593142398
kgw-048,1001633513,512,93,0,0.0,10152,45496,0.2231404958677686,-1.3714220369682089,1.2142571894381977
kgw-049,1432116443,128,800,1,0.00125,21940,98371,0.22303321100730905,-0.6910453920012352,1.0351584305118045
kgw-049,1432116443,256,313,0,0.0,17089,76834,0.22241455605591276,-0.9980055341487618,1.1375132223177642
kgw-049,1432116443,512,93,0,0.0,10137,45496,0.22281079655354316,-1.3880831519380155,1.2192409666069672
kgw-050,1053616877,128,800,89,0.11125,28161,98371,0.28627339358144166,0.9290145957899603,1.1317860624161598
kgw-050,1053616877,256,313,71,0.2268370607028754,22213,76834,0.2891037821797642,1.4156578637266501,1.2313763265196336
kgw-050,1053616877,512,93,47,0.5053763440860215,13366,45496,0.2937840689291366,2.234050466136669,1.3246025789880902
kgw-051,452277701,128,800,39,0.04875,25956,98371,0.2638582509072796,0.3551924968326343,1.107832044556817
kgw-051,452277701,256,313,19,0.06070287539936102,20474,76834,0.26647057292344534,0.59672568159402,1.0954962165176538
kgw-051,452277701,512,93,13,0.13978494623655913,12412,45496,0.2728151925443995,1.1641273923952171,1.1322159727985397
kgw-052,118837471,128,800,6,0.0075,23010,98371,0.23391040042288885,-0.4117791357881318,1.0809037598664493
kgw-052,118837471,256,313,4,0.012779552715654952,17957,76834,0.23371163807689305,-0.5877643508105762,1.1617095513882323
kgw-052,118837471,512,93,0,0.0,10570,45496,0.23232811675751713,-0.9046498705693378,1.1663758557019888
kgw-053,1181296471,128,800,17,0.02125,24753,98371,0.2516290370129408,0.041397831551891515,1.09390905086555
kgw-053,1181296471,256,313,3,0.009584664536741214,19346,76834,0.2517895723247521,0.06214815207107497,1.071362938607001
kgw-053,1181296471,512,93,2,0.021505376344086023,11303,45496,0.24843942324599966,-0.08241441665993245,1.211848381328129
kgw-054,1322816951,128,800,6,0.0075,22798,98371,0.23175529373494222,-0.46759345775458294,1.0612727708990006
kgw-054,1322816951,256,313,2,0.006389776357827476,18020,76834,0.2345315875784158,-0.5608705523745295,1.1347198669427774
kgw-054,1322816951,512,93,2,0.021505376344086023,10620,45496,0.2334271144716019,-0.8498062398783376,1.2380809058348936
kgw-055,1518255493,128,800,22,0.0275,25022,98371,0.25436358276321275,0.11349645038299414,1.141455370891464
kgw-055,1518255493,256,313,14,0.04472843450479233,19285,76834,0.2509956529661348,0.03848489765287253,1.1977665707948069
kgw-055,1518255493,512,93,5,0.053763440860215055,11451,45496,0.2516924564796905,0.08901394455012897,1.2157107484715084
kgw-056,424208963,128,800,10,0.0125,23485,98371,0.23873905927559952,-0.2894580577323698,1.0751208986843082
kgw-056,424208963,256,313,3,0.009584664536741214,18420,76834,0.23973761615951272,-0.3706615561541212,1.0769085383948236
kgw-056,424208963,512,93,1,0.010752688172043012,10861,45496,0.23872428345349042,-0.5800358689330114,1.1775636341102305
kgw-057,1521171467,128,800,12,0.015,24432,98371,0.24836588018826686,-0.041761970852792485,1.0787045107390223
kgw-057,1521171467,256,313,6,0.019169329073482427,19151,76834,0.24925163339146733,-0.027685234505822432,1.1200686118068321
kgw-057,1521171467,512,93,4,0.043010752688172046,11561,45496,0.254110251450677,0.2125777250824679,1.1974123587373882
kgw-058,504848917,128,800,33,0.04125,26165,98371,0.2659828608024723,0.4085035217771953,1.1089286104080953
kgw-058,504848917,256,313,24,0.07667731629392971,20483,76834,0.26658770856652003,0.5975438114510206,1.185115964152001
kgw-058,504848917,512,93,12,0.12903225806451613,12016,45496,0.2641111306488482,0.715509178407613,1.3617840849422707
kgw-059,1877088023,128,800,8,0.01,23040,98371,0.23421536835042847,-0.40343123390834174,1.071259102893176
kgw-059,1877088023,256,313,1,0.003194888178913738,18053,76834,0.2349610849363563,-0.5455780558348016,1.098112572842146
kgw-059,1877088023,512,93,0,0.0,10652,45496,0.23413047300861614,-0.8168763828748906,1.185740510236478
kgw-060,117322859,128,800,22,0.0275,25218,98371,0.25635603988980493,0.16141705860171757,1.1018823128929365
kgw-060,117322859,256,313,12,0.038338658146964855,19494,76834,0.2537158028997579,0.13117666455443105,1.2260884197569344
kgw-060,117322859,512,93,5,0.053763440860215055,11374,45496,0.25,-0.009621335986955146,1.4913971453095156
kgw-061,1384029587,128,800,12,0.015,24933,98371,0.2534588445781785,0.08780025914458685,1.0820139682686578
kgw-061,1384029587,256,313,7,0.022364217252396165,19399,76834,0.2524793711117474,0.08915394050407596,1.1663675574281536
kgw-061,1384029587,512,93,3,0.03225806451612903,11446,45496,0.25158255670828206,0.08060769854539993,1.2081042795875532
kgw-062,216878131,128,800,3,0.00375,22330,98371,0.22699779406532414,-0.5890356047506341,1.0560642103950928
kgw-062,216878131,256,313,2,0.006389776357827476,17484,76834,0.22755550927974594,-0.8101294442202615,1.1000727117229012
kgw-062,216878131,512,93,1,0.010752688172043012,10305,45496,0.22650342887286795,-1.1985330369078,1.1506943820378934
kgw-063,1124615587,128,800,3,0.00375,22459,98371,0.2283091561537445,-0.5545409542349378,1.0211708690002155
kgw-063,1124615587,256,313,1,0.003194888178913738,17436,76834,0.2269307858500143,-0.8327850132965896,1.110737472695673
kgw-063,1124615587,512,93,0,0.0,10398,45496,0.2285475646210656,-1.097753572550059,1.2031373191471764
kgw-064,1296041891,128,800,6,0.0075,23426,98371,0.23813928901810494,-0.30288722599071694,1.0664294413080706
kgw-064,1296041891,256,313,4,0.012779552715654952,18241,76834,0.23740791836947184,-0.4543177760306251,1.0957364948958541
kgw-064,1296041891,512,93,0,0.0,10807,45496,0.2375373659222789,-0.6369151251746904,1.049328048082909
kgw-065,1338598169,128,800,8,0.01,23269,98371,0.23654329019731424,-0.3421325712076135,1.0640120398711768
kgw-065,1338598169,256,313,1,0.003194888178913738,18229,76834,0.23725173751203893,-0.4586947860879866,1.0948931968901676
kgw-065,1338598169,512,93,0,0.0,10958,45496,0.24085633901881484,-0.46610311913277125,1.1557937242562957
kgw-066,1144870277,128,800,19,0.02375,24934,98371,0.2534690101757632,0.08923620065299692,1.1052647667150362
kgw-066,1144870277,256,313,17,0.054313099041533544,19790,76834,0.2575682640497696,0.27452157427428414,1.195318385464209
kgw-066,1144870277,512,93,10,0.10752688172043011,12051,45496,0.26488042904870757,0.7622263437801982,1.3496980775417553
kgw-067,922104299,128,800,12,0.015,24061,98371,0.24459444348436024,-0.13770336830897603,1.0981614631454633
kgw-067,922104299,256,313,2,0.006389776357827476,18673,76834,0.2430304292370565,-0.24857234856869964,1.106241321494254
kgw-067,922104299,512,93,0,0.0,10827,45496,0.2379769650079128,-0.6118765825915465,1.0718314316159494
kgw-068,950003689,128,800,14,0.0175,24582,98371,0.24989071982596497,-0.0029023626395315817,1.0328657893882442
kgw-068,950003689,256,313,7,0.022364217252396165,19236,76834,0.2503579144649504,0.014516770582612212,1.1338425159972318
kgw-068,950003689,512,93,2,0.021505376344086023,11452,45496,0.25171443643397223,0.08840157704009946,1.1106835276615405
kgw-069,565760149,128,800,4,0.005,22214,98371,0.22581858474550426,-0.6198805423225658,1.0658827880492323
kgw-069,565760149,256,313,0,0.0,17327,76834,0.22551214306166542,-0.886563600742323,1.1039029458325473
kgw-069,565760149,512,93,0,0.0,10292,45496,0.2262176894672059,-1.2157170830135537,1.1331387928722818
kgw-070,816861511,128,800,38,0.0475,26197,98371,0.2663081599251812,0.4169403265215768,1.1339276870571486
kgw-070,816861511,256,313,22,0.07028753993610223,20421,76834,0.26578077413645,0.5694806957368103,1.1793388889239855
kgw-070,816861511,512,93,14,0.15053763440860216,12221,45496,0.26861702127659576,0.9500158002291671,1.267858695383074
kgw-071,1510997377,128,800,6,0.0075,23819,98371,0.24213436886887396,-0.20113259406668785,1.0350252382652216
kgw-071,1510997377,256,313,1,0.003194888178913738,18620,76834,0.24234063045006118,-0.2774784167757444,1.0477623513790946
kgw-071,1510997377,512,93,1,0.010752688172043012,10978,45496,0.24129593810444874,-0.4450468535344742,1.1161392786186433
kgw-072,1138579901,128,800,32,0.04,25462,98371,0.2588364457004605,0.2272086240570625,1.1469450225006725
kgw-072,1138579901,256,313,14,0.04472843450479233,19780,76834,0.2574381133352422,0.2713931903352195,1.1787992585530942
kgw-072,1138579901,512,93,8,0.08602150537634409,11942,45496,0.2624846140320028,0.6359980387472933,1.2919653810254492
kgw-073,1403614631,128,800,13,0.01625,24110,98371,0.24509255776600827,-0.12519258403649705,1.0544264456898955
kgw-073,1403614631,256,313,3,0.009584664536741214,18805,76834,0.2447484186688185,-0.19011357239859103,1.0951610787081614
kgw-073,1403614631,512,93,1,0.010752688172043012,11115,45496,0.24430719184104097,-0.2937180685424427,1.0989029732112965
kgw-074,1483042081,128,800,57,0.07125,27450,98371,0.27904565369875267,0.7435086385085881,1.1016716272176823
kgw-074,1483042081,256,313,38,0.12140575079872204,21336,76834,0.2776895645157092,0.9997928408517908,1.160392664819989
kgw-074,1483042081,512,93,17,0.1827956989247312,12564,45496,0.2761561455952172,1.3338356295510294,1.1258433088555924
kgw-075,948097859,128,800,16,0.02,24932,98371,0.25344867898059387,0.08900852360934385,1.0576410177999949
kgw-075,948097859,256,313,9,0.02875399361022364,19342,76834,0.25173751203894107,0.06327109864621681,1.084467453372314
kgw-075,948097859,512,93,6,0.06451612903225806,11637,45496,0.2557807279760858,0.2949425642597025,1.3425842125467828
kgw-076,525793057,128,800,71,0.08875,27287,98371,0.2773886612924541,0.7028682294717048,1.2014683632849847
kgw-076,525793057,256,313,37,0.1182108626198083,21202,76834,0.27594554494104173,0.9398759188717347,1.2501068556950783
kgw-076,525793057,512,93,15,0.16129032258064516,12450,45496,0.27365043080710394,1.2143636320040447,1.3147887406599172
kgw-077,1093943537,128,800,8,0.01,23136,98371,0.23519126571855525,-0.3792989811825571,1.0226543509061163
kgw-077,1093943537,256,313,3,0.009584664536741214,17937,76834,0.2334513366478382,-0.5977296729959303,1.151138181054406
kgw-077,1093943537,512,93,1,0.010752688172043012,10627,45496,0.23358097415157378,-0.8398758676397484,1.3502733470769321
kgw-078,1850217503,128,800,5,0.00625,22837,98371,0.2321517520407437,-0.45768692624868934,1.0739221206067369
kgw-078,1850217503,256,313,3,0.009584664536741214,17796,76834,0.23161621157300152,-0.6663058261127558,1.1338928026950081
kgw-078,1850217503,512,93,0,0.0,10372,45496,0.22797608580974152,-1.1250975961149663,1.207252907617934
kgw-079,1337918447,128,800,9,0.01125,22629,98371,0.2300373077431357,-0.5122062852244254,1.046981128551754
kgw-079,1337918447,256,313,0,0.0,17697,76834,0.23032771949918004,-0.7126082860171887,1.0736315147325082
kgw-079,1337918447,512,93,1,0.010752688172043012,10540,45496,0.23166871812906628,-0.9422562167195366,1.0895930986206808
kgw-080,761750713,128,800,14,0.0175,24685,98371,0.25093777637718434,0.023115600128860287,1.0588486083192297
kgw-080,761750713,256,313,7,0.022364217252396165,19473,76834,0.2534424863992503,0.12293089712604001,1.1250896624067213
kgw-080,761750713,512,93,3,0.03225806451612903,11763,45496,0.2585502022155794,0.43860228075024327,1.105688021579912
kgw-081,482402567,128,800,10,0.0125,23540,98371,0.23929816714275548,-0.2759114854805212,1.1176833898829817
kgw-081,482402567,256,313,5,0.01597444089456869,18192,76834,0.23677017986828747,-0.4829491521296093,1.1442778761127375
kgw-081,482402567,512,93,0,0.0,10788,45496,0.23711974679092668,-0.6623031079591318,1.2265319983057
kgw-082,304647139,128,800,13,0.01625,24110,98371,0.24509255776600827,-0.12515777320676572,1.08264784198298
kgw-082,304647139,256,313,3,0.009584664536741214,18931,76834,0.24638831767186403,-0.12919876342610542,1.0953852768617933
kgw-082,304647139,512,93,4,0.043010752688172046,11217,45496,0.24654914717777388,-0.17782486182990587,1.3010240932135535
kgw-083,134933401,128,800,28,0.035,25237,98371,0.2565491862439134,0.1685602486661076,1.146310714525947
kgw-083,134933401,256,313,17,0.054313099041533544,19838,76834,0.25819298747950126,0.2987762842581044,1.2461890473378396
kgw-083,134933401,512,93,8,0.08602150537634409,11807,45496,0.259517320203974,0.4923904022039606,1.4349196149535488
kgw-084,1334289049,128,800,22,0.0275,25222,98371,0.25639670228014355,0.16476876003706636,1.1194032725603433
kgw-084,1334289049,256,313,7,0.022364217252396165,19688,76834,0.25624072676158993,0.22845046171819597,1.1447571701488708
kgw-084,1334289049,512,93,3,0.03225806451612903,11543,45496,0.2537146122736065,0.19205682773104324,1.1168990762344977
kgw-085,448526599,128,800,2,0.0025,23574,98371,0.23964379746063372,-0.26413581919845613,1.0509451760770032
kgw-085,448526599,256,313,2,0.006389776357827476,18465,76834,0.24032329437488612,-0.3496998768304489,1.0702274138078838
kgw-085,448526599,512,93,0,0.0,10730,45496,0.23584490944258835,-0.7174693311666239,1.151812300465571
kgw-086,252660643,128,800,38,0.0475,26401,98371,0.2683819418324506,0.4708998710885047,1.0995328258899368
kgw-086,252660643,256,313,28,0.08945686900958466,20796,76834,0.2706614259312284,0.7482972274043188,1.093977783409408
kgw-086,252660643,512,93,12,0.12903225806451613,12400,45496,0.27255143309301916,1.1534217199032402,1.1099305172369736
kgw-087,678513481,128,800,5,0.00625,23660,98371,0.24051803885291398,-0.24290651393538043,1.038073815758344
kgw-087,678513481,256,313,1,0.003194888178913738,18475,76834,0.24045344508941355,-0.3451243609478958,1.0449028147294575
kgw-087,678513481,512,93,1,0.010752688172043012,10797,45496,0.23731756637946194,-0.6459591177222204,1.0551385391768595
kgw-088,711105313,128,800,7,0.00875,23278,98371,0.23663478057557613,-0.3431895584875131,1.058125827227204
kgw-088,711105313,256,313,1,0.003194888178913738,18039,76834,0.2347788739360179,-0.5518458216293783,1.1323030196961814
kgw-088,711105313,512,93,0,0.0,10785,45496,0.2370538069280816,-0.6630434243469953,1.15499222311348
kgw-089,1089676177,128,800,6,0.0075,22874,98371,0.2325278791513759,-0.4480302518094049,1.0475114908997976
kgw-089,1089676177,256,313,0,0.0,17845,76834,0.2322539500741859,-0.643016394386126,1.0115344649693447
kgw-089,1089676177,512,93,0,0.0,10511,45496,0.23103129945489714,-0.9702351044727924,0.9424148014917367
kgw-090,938329507,128,800,22,0.0275,25414,98371,0.2583484970163971,0.21407572107932205,1.083336329569332
kgw-090,938329507,256,313,9,0.02875399361022364,19938,76834,0.2594944946247755,0.3439323385801664,1.1091516842682767
kgw-090,938329507,512,93,8,0.08602150537634409,11808,45496,0.25953930015825566,0.48951626826689837,1.1551406137692801
kgw-091,292559297,128,800,15,0.01875,25175,98371,0.2559189191936648,0.15133348084622195,1.0712565773467866
kgw-091,292559297,256,313,9,0.02875399361022364,19755,76834,0.25711273654892364,0.2581965051089259,1.0884965764724284
kgw-091,292559297,512,93,4,0.043010752688172046,11673,45496,0.2565720063302268,0.33638869210632666,1.0874981830890367
kgw-092,1092702959,128,800,12,0.015,24054,98371,0.24452328430126766,-0.14175856574998685,1.0962047691074257
kgw-092,1092702959,256,313,1,0.003194888178913738,18498,76834,0.24075279173282663,-0.33705452121021684,1.069437254385537
kgw-092,1092702959,512,93,0,0.0,10957,45496,0.24083435906453315,-0.4697899950282332,1.1553115387785977
kgw-093,759117449,128,800,36,0.045,25911,98371,0.26340079901597013,0.3430454379377408,1.082060364110529
kgw-093,759117449,256,313,22,0.07028753993610223,20441,76834,0.2660410755655049,0.5794832751697329,1.105467530629383
kgw-093,759117449,512,93,9,0.0967741935483871,12042,45496,0.2646826094601723,0.7542289070480981,1.2602194470542603
kgw-094,1012191841,128,800,17,0.02125,24621,98371,0.2502871781317665,0.0068606452251504324,1.095626542555692
kgw-094,1012191841,256,313,6,0.019169329073482427,19082,76834,0.2483535934612281,-0.0602845068855429,1.1392961168487612
kgw-094,1012191841,512,93,0,0.0,11028,45496,0.2423949358185335,-0.387541846002755,1.094021296776976
kgw-095,60202781,128,800,6,0.0075,22528,98371,0.22901058238708563,-0.5379748151113737,1.0726470564709356
kgw-095,60202781,256,313,1,0.003194888178913738,17348,76834,0.225785459562173,-0.8747268566264415,1.0976282183163948
kgw-095,60202781,512,93,1,0.010752688172043012,10266,45496,0.22564621065588183,-1.247811082310617,1.2054042566322412
kgw-096,1633122203,128,800,16,0.02,25317,98371,0.25736243405068565,0.1885622722612753,1.0830680784839488
kgw-096,1633122203,256,313,8,0.025559105431309903,19878,76834,0.25871359033761093,0.3159304527673648,1.1151663386911734
kgw-096,1633122203,512,93,5,0.053763440860215055,11640,45496,0.2558466678389309,0.2964590325912509,1.2266214895878056
kgw-097,56016539,128,800,3,0.00375,23445,98371,0.23833243537221335,-0.2991489261381111,1.0239117881909858
kgw-097,56016539,256,313,4,0.012779552715654952,18586,76834,0.24189811802066793,-0.2934012263374439,1.1816190878056072
kgw-097,56016539,512,93,1,0.010752688172043012,10998,45496,0.24173553719008264,-0.4222192154541319,1.241129458539231
kgw-098,72281437,128,800,1,0.00125,22028,98371,0.22392778359475862,-0.6693154801881883,1.0710908430820996
kgw-098,72281437,256,313,2,0.006389776357827476,17235,76834,0.2243147564880131,-0.9295223314373122,1.1589434332655684
kgw-098,72281437,512,93,0,0.0,10304,45496,0.22648144891858624,-1.2029544126656244,1.2743982958314606
kgw-099,1641420071,128,800,16,0.02,24388,98371,0.2479185938945421,-0.05293944239954049,1.0552028785670673
kgw-099,1641420071,256,313,1,0.003194888178913738,18966,76834,0.24684384517271,-0.11608813394063111,1.043049432090436
kgw-099,1641420071,512,93,3,0.03225806451612903,11389,45496,0.25032969931422544,0.015981983436576596,1.1183102536214748
kgw-100,517609333,128,800,45,0.05625,26474,98371,0.26912403045613037,0.49100670251696066,1.1230743913064452
kgw-100,517609333,256,313,27,0.08626198083067092,20846,76834,0.2713121795038655,0.7744135169820516,1.212178791105101
kgw-100,517609333,512,93,18,0.1935483870967742,12313,45496,0.2706391770705117,1.0617569121507056,1.4320282541459213
kgw-101,1127243489,128,800,13,0.01625,23383,98371,0.2377021683219648,-0.315407870458966,1.0881018236743731
kgw-101,1127243489,256,313,3,0.009584664536741214,18199,76834,0.2368612853684567,-0.47564761730948363,1.1571539303432992
kgw-101,1127243489,512,93,0,0.0,10787,45496,0.237097766836645,-0.6606798073249007,1.1563194673436108
kgw-102,1491578443,128,800,14,0.0175,24169,98371,0.24569232802350285,-0.11136922821201162,1.054690265706876
kgw-102,1491578443,256,313,4,0.012779552715654952,18809,76834,0.24480047895462947,-0.19095711630887227,1.066828561640605
kgw-102,1491578443,512,93,0,0.0,11070,45496,0.2433180938983647,-0.3424448660205606,1.0493601638911443
kgw-103,335053157,128,800,25,0.03125,25269,98371,0.2568744853666223,0.1762424571973476,1.1013978766701693
kgw-103,335053157,256,313,9,0.02875399361022364,19751,76834,0.2570606762631127,0.25553580552666855,1.0769501734187232
kgw-103,335053157,512,93,1,0.010752688172043012,11432,45496,0.25127483734833833,0.06628375418584548,1.13646451422565
kgw-104,910655117,128,800,7,0.00875,24089,98371,0.24487908021673055,-0.12993979062098884,1.0855154762460655
kgw-104,910655117,256,313,5,0.01597444089456869,18711,76834,0.2435250019522607,-0.23301415991175514,1.120288645994932
kgw-104,910655117,512,93,3,0.03225806451612903,11270,45496,0.24771408475470372,-0.111290739328391,1.1642910344807882
kgw-105,1022692213,128,800,44,0.055,26792,98371,0.27235669048805033,0.5721759344251002,1.0986542355454145
kgw-105,1022692213,256,313,32,0.10223642172523961,20895,76834,0.27194991800504986,0.7914407041008644,1.2174560685907139
kgw-105,1022692213,512,93,19,0.20430107526881722,12442,45496,0.27347459117285033,1.195271094886776,1.1831565736258576
kgw-106,406290277,128,800,8,0.01,24285,98371,0.24687153734332273,-0.08231665874596855,1.0667352106970651
kgw-106,406290277,256,313,3,0.009584664536741214,18738,76834,0.24387640888148476,-0.22556719156630997,1.1241616484681904
kgw-106,406290277,512,93,0,0.0,10997,45496,0.24171355723580096,-0.42802641889102266,1.140180764077053
kgw-107,165865423,128,800,23,0.02875,25200,98371,0.25617305913328114,0.15779265259087807,1.1222014396217266
kgw-107,165865423,256,313,12,0.038338658146964855,19686,76834,0.25621469661868446,0.22478400954851116,1.1646280750647175
kgw-107,165865423,512,93,8,0.08602150537634409,11770,45496,0.2587040618955513,0.45234935877796445,1.2118128526453134
kgw-108,483009551,128,800,16,0.02,24044,98371,0.2444216283254211,-0.14283473481402742,1.1302419526490863
kgw-108,483009551,256,313,5,0.01597444089456869,18511,76834,0.24092198766171227,-0.32994067277569816,1.1626754935154064
kgw-108,483009551,512,93,1,0.010752688172043012,10727,45496,0.23577896957974329,-0.7302651369924406,1.075469867188902
kgw-109,447243551,128,800,64,0.08,27188,98371,0.2763822671315733,0.6758031241096049,1.1417436062171151
kgw-109,447243551,256,313,39,0.12460063897763578,21279,76834,0.27694770544290287,0.9763044332472974,1.22428188738465
kgw-109,447243551,512,93,16,0.17204301075268819,12346,45496,0.27136451556180763,1.0936507753219649,1.253458515822474
kgw-110,845483867,128,800,15,0.01875,24575,98371,0.2498195606428724,-0.003386150668565834,1.0919204478129432
kgw-110,845483867,256,313,9,0.02875399361022364,19127,76834,0.24893927167660151,-0.03732233830714453,1.1452453593750165
kgw-110,845483867,512,93,0,0.0,11355,45496,0.24958238086864779,-0.02181747997895861,1.075269126445287
kgw-111,1860668153,128,800,13,0.01625,24334,98371,0.24736965162497077,-0.06584266113013285,1.1212015499759005
kgw-111,1860668153,256,313,10,0.03194888178913738,19217,76834,0.2501106281073483,0.008223784712018392,1.1699036285270934
kgw-111,1860668153,512,93,3,0.03225806451612903,11271,45496,0.2477360647089854,-0.1136162522970476,1.2830470607476152
kgw-112,544998227,128,800,8,0.01,23792,98371,0.2418598977340883,-0.20745414762181016,1.0374711203997788
kgw-112,544998227,256,313,2,0.006389776357827476,18776,76834,0.24437098159668896,-0.20187445289453326,1.0324817900421854
kgw-112,544998227,512,93,1,0.010752688172043012,11021,45496,0.24224107613856163,-0.3963817303374256,1.2083842860676615
kgw-113,1897301789,128,800,15,0.01875,24750,98371,0.25159854022018685,0.038813572094530235,1.1060790521829875
kgw-113,1897301789,256,313,5,0.01597444089456869,19404,76834,0.25254444646901114,0.09066427573325352,1.1622742952089473
kgw-113,1897301789,512,93,0,0.0,11660,45496,0.2562862669245648,0.3188216075285588,1.1865692204870049
kgw-114,795144853,128,800,10,0.0125,24059,98371,0.24457411228919093,-0.13999344959791427,1.0571761028997435
kgw-114,795144853,256,313,6,0.019169329073482427,18639,76834,0.24258791680766328,-0.27024108075587044,1.1402380053909045
kgw-114,795144853,512,93,2,0.021505376344086023,11108,45496,0.2441533321610691,-0.30055259014560315,1.2066888641209623
kgw-115,882216119,128,800,249,0.31125,30996,98371,0.31509286273393583,1.6653168731337704,1.2306637077245788
kgw-115,882216119,256,313,172,0.549520766773163,24318,76834,0.31650050758778664,2.403996677942162,1.403820159297314
kgw-115,882216119,512,93,76,0.8172043010752689,14554,45496,0.3198962546157904,3.5753567216531645,1.4440203107693639
kgw-116,456938051,128,800,23,0.02875,24750,98371,0.25159854022018685,0.041764519927319804,1.1007056508471875
kgw-116,456938051,256,313,19,0.06070287539936102,19618,76834,0.25532967175989796,0.19285331690685598,1.2591589061466282
kgw-116,456938051,512,93,7,0.07526881720430108,11655,45496,0.25617636715315634,0.3131155825195413,1.4537153164745091
kgw-117,638785439,128,800,13,0.01625,24567,98371,0.24973823586219515,-0.005083569855797504,1.0832578089758778
kgw-117,638785439,256,313,9,0.02875399361022364,19247,76834,0.2505010802509306,0.020403165653450094,1.192722026884759
kgw-117,638785439,512,93,4,0.043010752688172046,11538,45496,0.253604712502198,0.18890819639717407,1.144580104374048
kgw-118,1544831941,128,800,11,0.01375,22799,98371,0.23176545933252687,-0.4674218338498829,1.128807015573719
kgw-118,1544831941,256,313,8,0.025559105431309903,18107,76834,0.23566389879480437,-0.5207322532745127,1.1972828526722117
kgw-118,1544831941,512,93,2,0.021505376344086023,10695,45496,0.23507561104272903,-0.7688386125641054,1.355461944527351
kgw-119,196090163,128,800,30,0.0375,25259,98371,0.2567728293907757,0.17278078807001893,1.1198410621897055
kgw-119,196090163,256,313,10,0.03194888178913738,19620,76834,0.25535570190280343,0.19345716913382355,1.1254706796008016
kgw-119,196090163,512,93,8,0.08602150537634409,11761,45496,0.258506242307016,0.43214260131936605,1.3264903988637926
kgw-120,888286877,128,800,21,0.02625,25219,98371,0.2563662054873896,0.16171322074936142,1.0926581958692752
kgw-120,888286877,256,313,7,0.022364217252396165,19753,76834,0.25708670640601816,0.25619236452928074,1.1389432672450859
kgw-120,888286877,512,93,4,0.043010752688172046,11973,45496,0.2631659926147354,0.6689969241007405,1.1499945516452843
kgw-121,1041157433,128,800,3,0.00375,23223,98371,0.23607567270842017,-0.3575432100053263,1.0571076764784588
kgw-121,1041157433,256,313,1,0.003194888178913738,18094,76834,0.23549470286591873,-0.5262490219516023,1.1187640412133897
kgw-121,1041157433,512,93,0,0.0,10615,45496,0.23331721470019343,-0.8532295029560052,1.1098664856542757
kgw-122,450928351,128,800,71,0.08875,27409,98371,0.2786288641977819,0.7327159915011734,1.1129915616289208
kgw-122,450928351,256,313,49,0.15654952076677317,21724,76834,0.2827394122393732,1.1860179950067562,1.1332877175408804
kgw-122,450928351,512,93,24,0.25806451612903225,12968,45496,0.285036047125022,1.7838280899659733,1.2454392427023053
kgw-123,27649591,128,800,1,0.00125,21623,98371,0.21981071657297374,-0.7735466962228966,1.0547936897769423
kgw-123,27649591,256,313,0,0.0,16617,76834,0.2162714423302184,-1.2248853552302126,1.120036116860832
kgw-123,27649591,512,93,0,0.0,9948,45496,0.21865658519430278,-1.6053194749591109,1.2120525942514675
kgw-124,265852661,128,800,21,0.02625,24940,98371,0.2535300037612711,0.09337369068065801,1.0937079345171918
kgw-124,265852661,256,313,11,0.03514376996805112,19357,76834,0.25193273811073225,0.07456646308587757,1.2076350978025339
kgw-124,265852661,512,93,1,0.010752688172043012,11396,45496,0.2504835589941973,0.028267717723011385,1.1639900477167588
kgw-125,983157523,128,800,9,0.01125,23562,98371,0.2395218102896179,-0.26874232812404025,1.0566311367344725
kgw-125,983157523,256,313,2,0.006389776357827476,18365,76834,0.2390217872296119,-0.39978522065622923,1.0913764055616062
kgw-125,983157523,512,93,1,0.010752688172043012,11015,45496,0.24210919641287146,-0.4067217886031301,1.1827565594138412
kgw-126,1332347537,128,800,16,0.02,25050,98371,0.25464821949558303,0.11962451269715421,1.0629752739105454
kgw-126,1332347537,256,313,13,0.04153354632587859,19873,76834,0.25864851498034724,0.31309733269730505,1.1380138120243077
kgw-126,1332347537,512,93,8,0.08602150537634409,11888,45496,0.26129769650079127,0.5804446139404392,1.0944319718084652
kgw-127,154856231,128,800,2,0.0025,22473,98371,0.22845147451992964,-0.553491378510421,1.0843549268016075
kgw-127,154856231,256,313,1,0.003194888178913738,17803,76834,0.23170731707317074,-0.6635258356846557,1.1003465390771914
kgw-127,154856231,512,93,0,0.0,10610,45496,0.23320731492878494,-0.8595574234155632,1.1510768321514042
