vocabulary,key_id,length,n,exceed,fpr,fpr_lo,fpr_hi,p_k,p_lo,p_hi,mean_z,sd_z
SmolLM2,kgw-00,128,4857,129,0.026559604694255712,0.022221074634745985,0.03147902813555242,0.2551669209745301,0.2540608422223627,0.2562753784804821,0.1315336956366233,1.1151663894259853
SmolLM2,kgw-00,256,1875,52,0.027733333333333332,0.020780401717873147,0.036210949527334425,0.2519768397897445,0.2507240231003535,0.2532327746333752,0.06926626114905296,1.171613360659513
SmolLM2,kgw-00,512,511,14,0.0273972602739726,0.015057534512721264,0.04554102588523355,0.24898596194197817,0.24728925964849965,0.25068850289547895,-0.05529386054877517,1.2909183396509345
SmolLM2,kgw-01,128,4857,33,0.0067943174799258805,0.004681376325339394,0.009528631007738767,0.23731450896225625,0.23623521191706728,0.23839635827537123,-0.3250163134059851,1.0406074362454116
SmolLM2,kgw-01,256,1875,9,0.0048,0.002197143737140449,0.00909225698820542,0.23667409314847396,0.2354476639190198,0.2379038330000444,-0.4822216352717733,1.0905374105072687
SmolLM2,kgw-01,512,511,3,0.005870841487279843,0.001212348899572808,0.01706050861748655,0.2348796995799415,0.23321653854359742,0.23654902758551924,-0.7688460091314983,1.2007977531532683
SmolLM2,kgw-02,128,4857,43,0.008853201564751905,0.006414304417211082,0.011906867195088393,0.23746541692516643,0.2363858827604615,0.238547501890991,-0.31987194489983267,1.0825326576052001
SmolLM2,kgw-02,256,1875,17,0.009066666666666667,0.005290284330431323,0.014477042131013935,0.23774793204660677,0.23651958097199569,0.23897958023665716,-0.44262520196620597,1.1221011713738387
SmolLM2,kgw-02,512,511,6,0.011741682974559686,0.004320845796307035,0.025380509700036056,0.23730697168717477,0.23563786087092062,0.23898219297726925,-0.6470889606237107,1.1576456475563048
SmolLM2,kgw-03,128,4857,24,0.004941321803582459,0.0031684870413868846,0.007343428850086633,0.21682959137477154,0.21578427805638098,0.21787765608546028,-0.8490215787237559,1.06654570777344
SmolLM2,kgw-03,256,1875,17,0.009066666666666667,0.005290284330431323,0.014477042131013935,0.21694582862398934,0.2157566910179813,0.2181385250126632,-1.1975927681160805,1.1550296295809468
SmolLM2,kgw-03,512,511,5,0.009784735812133072,0.0031844950354460427,0.022685639391474763,0.21518068132123844,0.21356869025618172,0.21679929790851696,-1.7712528804021666,1.2910976527391704
SmolLM2,kgw-04,128,4857,10,0.0020588840848260242,0.0009877426495196867,0.0037830910438219367,0.21854323513137378,0.2174949381993866,0.21959426679699443,-0.8046260136575719,1.0274746048354102
SmolLM2,kgw-04,256,1875,3,0.0016,0.0003300800850571784,0.004668692577929684,0.21832337953371528,0.21713151204311412,0.2195187884775581,-1.1469614032251234,1.0617783018509177
SmolLM2,kgw-04,512,511,3,0.005870841487279843,0.001212348899572808,0.01706050861748655,0.21863503055153238,0.21701368433193335,0.22026292187579072,-1.5992950238321355,1.1349652709843827
SmolLM2,kgw-05,128,4857,176,0.036236359892938025,0.031158250822480697,0.041881220605128715,0.2610473012625966,0.25993294397877614,0.2621639801502462,0.28169679659832325,1.112660675094747
SmolLM2,kgw-05,256,1875,102,0.0544,0.044571332776918694,0.06564993468300201,0.2613897427776199,0.2601217293578935,0.26266075597126604,0.4101361562961576,1.180168490461705
SmolLM2,kgw-05,512,511,33,0.06457925636007827,0.0448667666977148,0.08950088665069508,0.2611142984381206,0.259390695253224,0.2628434580395301,0.5666584037969168,1.2776096948180609
SmolLM2,kgw-06,128,4857,68,0.014000411776816966,0.01088782829261833,0.017715521491344623,0.24495715890608494,0.2438660863543455,0.24605070944189034,-0.1307824476516187,1.0893762812081926
SmolLM2,kgw-06,256,1875,19,0.010133333333333333,0.006111643299545779,0.01577940398836495,0.24487214808997684,0.24363131767009102,0.24611618601985688,-0.18902699913105062,1.158277249770125
SmolLM2,kgw-06,512,511,10,0.019569471624266144,0.009423236337925626,0.03569377572599174,0.24398698500708121,0.242301885378355,0.24567803963726456,-0.3129052927153442,1.3123211712234402
SmolLM2,kgw-07,128,4857,460,0.09470866790199711,0.08661635016224724,0.10329182686097019,0.2817954694076024,0.2806539352416243,0.2829391235433705,0.8123003048620991,1.1525905745965508
SmolLM2,kgw-07,256,1875,305,0.16266666666666665,0.14623262821264324,0.1801631855950314,0.28199877213572455,0.2807000843458619,0.2833002005327571,1.1557392946136964,1.1796937900889302
SmolLM2,kgw-07,512,511,132,0.2583170254403131,0.22087921747800424,0.29857686388813376,0.2804843310558433,0.2787212692381024,0.2822524985735134,1.548576925133574,1.3241435152813508
SmolLM2,kgw-08,128,4857,297,0.06114885731933292,0.05457292817917935,0.06825816586605434,0.26870839551300324,0.2675836404300366,0.26983539774592596,0.4804100992284614,1.1651029531984942
SmolLM2,kgw-08,256,1875,168,0.0896,0.0770554108174187,0.10344486401706642,0.26903243861220966,0.26775264220838335,0.2703151386769292,0.6936990700518233,1.2097575768308668
SmolLM2,kgw-08,512,511,73,0.14285714285714285,0.11367781157226126,0.17623997279962586,0.2678585040782183,0.26612068432621594,0.2696017233107331,0.9179578670725828,1.348713692239488
SmolLM2,kgw-09,128,4857,137,0.02820671196211653,0.023732989313669725,0.03325883148357229,0.2584064119116685,0.2572957401528746,0.25951943094023144,0.21632604097216096,1.0886476307817288
SmolLM2,kgw-09,256,1875,86,0.04586666666666667,0.03684839561114911,0.0563373456522977,0.25745884159900034,0.25619708123322715,0.2587236511744584,0.2729247019641174,1.1610938813561968
SmolLM2,kgw-09,512,511,32,0.06262230919765166,0.043224284269854474,0.08725694500200885,0.25692976156565067,0.2552152432543208,0.2586499336705396,0.3616259187830709,1.3042315708249668
Qwen2.5,kgw-00,128,4857,261,0.053736874613959235,0.04756207323750748,0.06045472542712133,0.2697164793054011,0.2685910237286165,0.2708441697084448,0.5039041478766272,1.1291141857811546
Qwen2.5,kgw-00,256,1875,170,0.09066666666666667,0.07805133752725239,0.1045787120336861,0.2677677287454303,0.26649091823995924,0.26904745392585233,0.6425747202442352,1.2165031087411466
Qwen2.5,kgw-00,512,511,70,0.136986301369863,0.1083680970501836,0.16988007684471867,0.26763220908803814,0.2658979917597121,0.26937181165945434,0.9003618916823013,1.3253531298248742
Qwen2.5,kgw-01,128,4857,58,0.01194152769199094,0.00907984702734353,0.01541016578860153,0.24450310184502833,0.2434133311094178,0.24559535217419562,-0.14024736476479716,1.0763838409942499
Qwen2.5,kgw-01,256,1875,20,0.010666666666666666,0.006527310410997237,0.01642594127373479,0.24436907670183827,0.24313015013788805,0.24561121171963582,-0.2045252563772028,1.1242541914980395
Qwen2.5,kgw-01,512,511,7,0.0136986301369863,0.005524824499118854,0.02801977423549114,0.24558170399715373,0.24389591548293588,0.24727338904303614,-0.22759228186503014,1.2108206125186132
Qwen2.5,kgw-02,128,4857,125,0.025736051060325303,0.021466815862077854,0.030587446163363695,0.25757205257727817,0.2564631823735091,0.25868327549954334,0.19361074159435004,1.0816598915410844
Qwen2.5,kgw-02,256,1875,83,0.04426666666666667,0.03540973596661941,0.05458198561366959,0.25853301453644506,0.25727058995640323,0.2597984697320737,0.309168649216036,1.1353383717138903
Qwen2.5,kgw-02,512,511,28,0.0547945205479452,0.03671569473110272,0.0782223570587239,0.25796212717816697,0.25624844500304206,0.2596814188073908,0.40738243800582336,1.2261670158572893
Qwen2.5,kgw-03,128,4857,144,0.02964793082149475,0.02505938257582188,0.03481272706869247,0.25610487317942465,0.2549980813968926,0.2572140319235867,0.15734378381176173,1.1181105815158467
Qwen2.5,kgw-03,256,1875,66,0.0352,0.027326183121866597,0.044567296507837105,0.2542556785695722,0.2530001640456361,0.25551427741248367,0.15610087907742684,1.1793971682018785
Qwen2.5,kgw-03,512,511,23,0.04500978473581213,0.02874300975716143,0.06677362552578593,0.25286924402265815,0.25116681428818144,0.2545774013016404,0.14756369696094648,1.2630249894428454
Qwen2.5,kgw-04,128,4857,556,0.11447395511632695,0.10565068034161958,0.12376353025614396,0.2869022416357375,0.28575513455236506,0.2880514167248505,0.9448663092546415,1.1383740499193609
Qwen2.5,kgw-04,256,1875,350,0.18666666666666668,0.16926415269530234,0.20505500831539633,0.28548347973733906,0.284181035699389,0.2867886160461322,1.2865017422451988,1.2030786008082122
Qwen2.5,kgw-04,512,511,160,0.3131115459882583,0.2731049372946956,0.3552964477319441,0.2850615423360903,0.2832929559583071,0.28683510987649735,1.7951448551334532,1.2859097758513582
Qwen2.5,kgw-05,128,4857,1273,0.2620959439983529,0.24977109583260826,0.27470736119243055,0.3102682459501829,0.3090949303751138,0.3114434027361638,1.5452627211866694,1.2393911687804997
Qwen2.5,kgw-05,256,1875,830,0.44266666666666665,0.4200221947724548,0.46549077148386814,0.3090683853977164,0.3077356084821805,0.31040355852404566,2.144911473747629,1.3574753963125208
Qwen2.5,kgw-05,512,511,346,0.6771037181996086,0.6346462164874828,0.7174974853640326,0.30586081318233244,0.30405543488468406,0.3076706904867946,2.8627043526755185,1.4544574492097444
Qwen2.5,kgw-06,128,4857,397,0.08173769816759316,0.07418314094903432,0.08979936558061326,0.2783721678078062,0.27723554724916416,0.2795109391713397,0.7268227642710885,1.144898764166844
Qwen2.5,kgw-06,256,1875,282,0.1504,0.13450975364948417,0.16739208914462217,0.2786094218341217,0.27731662452014516,0.27990499771392185,1.0368653334158582,1.2070192296601483
Qwen2.5,kgw-06,512,511,114,0.22309197651663404,0.1877070978812842,0.2617155016225689,0.27644281699599843,0.2746908099772854,0.2782000049877001,1.3515039165672484,1.2988102020502668
Qwen2.5,kgw-07,128,4857,104,0.021412394482190653,0.01752816207781248,0.025885686292044442,0.25384883362587596,0.2527452698317681,0.25495478628307927,0.09836678932911948,1.0612666406221614
Qwen2.5,kgw-07,256,1875,54,0.0288,0.021707884179772426,0.037412160690254485,0.2538788398565414,0.25262394173793484,0.25513682702553037,0.13988720045195333,1.1148716245461177
Qwen2.5,kgw-07,512,511,18,0.03522504892367906,0.021007698401327664,0.05510079455167518,0.25354882811719226,0.2518448791224775,0.2552584888983905,0.17612186240564873,1.1781364639099023
Qwen2.5,kgw-08,128,4857,18,0.0037059913526868438,0.0021978390840183813,0.005850763648797553,0.2279973336191765,0.22693364553114528,0.2290636615546386,-0.5635973811750947,1.0369747171702686
Qwen2.5,kgw-08,256,1875,13,0.006933333333333333,0.003696720718015643,0.01182702870066422,0.22835559713775838,0.227145440332234,0.2295691634776113,-0.7855913665466828,1.1129840792663284
Qwen2.5,kgw-08,512,511,4,0.007827788649706457,0.002136808114769479,0.01992012897620763,0.2290198398580069,0.2273743296823839,0.23067163065149887,-1.0736690830970081,1.2518353608043762
Qwen2.5,kgw-09,128,4857,25,0.005147210212065061,0.003333690094010682,0.007588981886976277,0.22884146423164015,0.2277763869262537,0.2299091731884096,-0.5430829259907537,1.068306575636521
Qwen2.5,kgw-09,256,1875,12,0.0064,0.0033112165271257724,0.011152798660445041,0.22935400315331705,0.2281419813757216,0.2305694219276181,-0.7505106026737883,1.125823500645921
Qwen2.5,kgw-09,512,511,3,0.005870841487279843,0.001212348899572808,0.01706050861748655,0.2304189835820478,0.22876993432358397,0.23207428100843072,-1.0052788636478667,1.244496806442576
